bundle_version,path,bytes,rows,sha256
asd3dp_v0.4.3_public_annotation_bundle,annotations/.DS_Store,10244,,9579b0018abc5f1cea2a309867217eaf046dce8e97cf86db70bd3fbf6e7e94fd
asd3dp_v0.4.3_public_annotation_bundle,annotations/BUILD_SUMMARY.json,1193,,59c65ca6c0561d05e52f22d79b604d42d8bc403785021997a4120d7b72cb77fd
asd3dp_v0.4.3_public_annotation_bundle,annotations/clip/audio_clip_manifest.csv,11183084,36268,033bd20a85e67fad1e49d069e71a559fe9fe0bb939fb3ffca5cbabf4bf5679f4
asd3dp_v0.4.3_public_annotation_bundle,annotations/clip/clip_event_annotations.csv,14378662,36268,9fb7a95697352f0cb0fb3afee02b07e2e5c8624057d01f7ba00f17965053bf28
asd3dp_v0.4.3_public_annotation_bundle,annotations/clip/clip_gcode.csv,19826364,91080,47676de5c8f9691574f9ae6e47bc4bced10eb2fd280c61c34a7049caec5ff6f2
asd3dp_v0.4.3_public_annotation_bundle,annotations/clip/clip_gcode_full/by_session/asd3dp_s0001.csv,18573678,100189,14804977afcc080583035ad66515f031dbf9df01e680a7d2449209466c664d96
asd3dp_v0.4.3_public_annotation_bundle,annotations/clip/clip_gcode_full/by_session/asd3dp_s0002.csv,18577336,100199,540f860258ecb4768061ecc06f3f64e7ddaf1658e2f701c3c660f3420a56bb8f
asd3dp_v0.4.3_public_annotation_bundle,annotations/clip/clip_gcode_full/by_session/asd3dp_s0003.csv,18573870,100207,4146eaec9270210bc0e4c91b59899383616a7ff03aef9479e3f978f83d670638
asd3dp_v0.4.3_public_annotation_bundle,annotations/clip/clip_gcode_full/by_session/asd3dp_s0004.csv,18565008,100136,5c09609e11a9f63935a5a4ec60e039ce1ceebe4e71c88ef575eedeb90b1eca56
asd3dp_v0.4.3_public_annotation_bundle,annotations/clip/clip_gcode_full/by_session/asd3dp_s0005.csv,18568610,100164,69e92726bbf87513fa80167bc6777501e947291e6627678522e06101631bc6c6
asd3dp_v0.4.3_public_annotation_bundle,annotations/clip/clip_gcode_full/by_session/asd3dp_s0006.csv,18576080,100187,322ff181644d0263c714594cf5e7341384269c1f50e14ae369b8ba575558fc7f
asd3dp_v0.4.3_public_annotation_bundle,annotations/clip/clip_gcode_full/by_session/asd3dp_s0007.csv,18553070,100103,3ecd1ac0ff808099c26a35cc1d2ff38bb2f81cc2f134e1ff3c1bde42c7bb4301
asd3dp_v0.4.3_public_annotation_bundle,annotations/clip/clip_gcode_full/by_session/asd3dp_s0008.csv,18574799,100199,93c2b66b2a09b5eef9289ed65d7d58a1b91fae7f61e7dc3b5db9c21097e8da4f
asd3dp_v0.4.3_public_annotation_bundle,annotations/clip/clip_gcode_full/by_session/asd3dp_s0009.csv,18565713,100167,ded77b695a8a963e12c5025a25d8cd15d3bb7873022ccff8171db05038e79ad2
asd3dp_v0.4.3_public_annotation_bundle,annotations/clip/clip_gcode_full/by_session/asd3dp_s0010.csv,18561505,100137,a690895dfa75ae6b505e741020b0e550d8b46de09939b5d7bca443b8a85c7571
asd3dp_v0.4.3_public_annotation_bundle,annotations/clip/clip_gcode_full/by_session/asd3dp_s0011.csv,18567082,100161,00d3a138d7dc2e036b0b22cffad57460cc1edcb15957367e4dc72558bb3a3534
asd3dp_v0.4.3_public_annotation_bundle,annotations/clip/clip_gcode_full/by_session/asd3dp_s0012.csv,18569214,100076,d6543fbd1d2c641441d1f06809e3c51ddf59626acb65be01c5ecf8ea3c12d63f
asd3dp_v0.4.3_public_annotation_bundle,annotations/clip/clip_gcode_full/by_session/asd3dp_s0013.csv,18621009,99323,9c291f4dad03fad791f19d625226a4b2ce1ea2c16f5c77def88cbbdf53e5b934
asd3dp_v0.4.3_public_annotation_bundle,annotations/clip/clip_gcode_full/by_session/asd3dp_s0014.csv,18527742,98766,3f3d93e308006fc8d0451c3da32cd8e46028a46fb8defd8f094f381afe157357
asd3dp_v0.4.3_public_annotation_bundle,annotations/clip/clip_gcode_full/by_session/asd3dp_s0015.csv,18522905,98767,0a2a6ae5f299d07d976f45c7959a14cb1e37d240be2c864fae970bac35c99a88
asd3dp_v0.4.3_public_annotation_bundle,annotations/clip/clip_gcode_full/by_session/asd3dp_s0016.csv,17341488,93305,a4278dcab2f1eee54a3e150dd248d88b8591e1ab143fee483f362343108e13b5
asd3dp_v0.4.3_public_annotation_bundle,annotations/clip/clip_gcode_full/by_session/asd3dp_s0017.csv,16829486,89635,b933b3e2bbc1205de356df88a967f6404c85918333db7259d82f06783a09408b
asd3dp_v0.4.3_public_annotation_bundle,annotations/clip/clip_gcode_full/by_session/asd3dp_s0018.csv,16705627,88985,24c75c5a27d1cf6951733c046b87cd13864ab9c095e7f7e0e96c39b34ba12822
asd3dp_v0.4.3_public_annotation_bundle,annotations/clip/clip_gcode_full/by_session/asd3dp_s0019.csv,16283508,86658,194bf5d729236b4b65708a73cdb10d3eea85d955cde4c8c002dbec9ed02e7379
asd3dp_v0.4.3_public_annotation_bundle,annotations/clip/clip_gcode_full/by_session/asd3dp_s0020.csv,18634854,99498,5383ce1667efb00cfbfff69d01c8fe1e512574a9a704b5c22cbb2b7d762282c7
asd3dp_v0.4.3_public_annotation_bundle,annotations/clip/clip_gcode_full/by_session/asd3dp_s0021.csv,18635461,99489,f524e10d4c2453171688d8229b8babf53c010bace8ec02a1713be1e81557e693
asd3dp_v0.4.3_public_annotation_bundle,annotations/clip/clip_gcode_full/by_session/asd3dp_s0022.csv,18630874,99487,c97eab37809f4cbc7fb3e4cd627fb1248fa9f184c301954f2db386faae33bb58
asd3dp_v0.4.3_public_annotation_bundle,annotations/clip/clip_gcode_full/by_session/asd3dp_s0023.csv,18643096,99497,d82c1a8dd0aa667d9fc2b17af98c3d0417623fae43a4b03eb82e194baf9f064b
asd3dp_v0.4.3_public_annotation_bundle,annotations/clip/clip_gcode_full/by_session/asd3dp_s0024.csv,18636502,99489,ae55ce43b9ce6216bae890839bfe1cf28df842cddfd090ab18c32e24be1463d0
asd3dp_v0.4.3_public_annotation_bundle,annotations/clip/clip_gcode_full/by_session/asd3dp_s0025.csv,18645458,99487,b31bb94775728485a3563ff5375789b5d60571d81b60c953a98e06fc2a91c244
asd3dp_v0.4.3_public_annotation_bundle,annotations/clip/clip_gcode_full/by_session/asd3dp_s0026.csv,18631750,99486,d9b7bfabbec74eac968cf945be2ee4aadd8e7e9fdfba33103f2ac8f2b6a6d628
asd3dp_v0.4.3_public_annotation_bundle,annotations/clip/clip_gcode_full/by_session/asd3dp_s0027.csv,18632110,99490,a824eec89f56670e49466cc5ec1a972cef11ebf4defcb32fd795dbd1e9503b75
asd3dp_v0.4.3_public_annotation_bundle,annotations/clip/clip_gcode_full/by_session/asd3dp_s0028.csv,18631163,99491,59dd8a41101fca88dd5523a0c75f0ce787415dd825a11a2c3f8aa9176cc4576a
asd3dp_v0.4.3_public_annotation_bundle,annotations/clip/clip_gcode_full/by_session/asd3dp_s0029.csv,18627810,100451,ea61f9b1c5ab2f8b9d7b753d8fd097741958420fb8b3bc7dfa706dc62d732497
asd3dp_v0.4.3_public_annotation_bundle,annotations/clip/clip_gcode_full/by_session/asd3dp_s0030.csv,18643030,100453,bba56f507d072c5f78f98d7ce15144bc25a2bcb50704842debfc073cfc360871
asd3dp_v0.4.3_public_annotation_bundle,annotations/clip/clip_gcode_full/by_session/asd3dp_s0031.csv,18616215,100453,85025b1c4d857712373effa07885ae13626b96f916dbc32cd48c36b39bfe1eb3
asd3dp_v0.4.3_public_annotation_bundle,annotations/clip/clip_gcode_full/by_session/asd3dp_s0032.csv,17162808,92894,5673774194be9cb3765975da184d66647f8baf34b891b60555917d783ce89c14
asd3dp_v0.4.3_public_annotation_bundle,annotations/clip/clip_gcode_full/by_session/asd3dp_s0033.csv,616576,3446,2b4949fd4d889e22c7f4487cbb4a0625fae536c0752677b1c1b732b8ea9014a7
asd3dp_v0.4.3_public_annotation_bundle,annotations/clip/clip_gcode_full/by_session/asd3dp_s0034.csv,10195200,53206,bc766f1f85d1e74f6d12a0b61a63b001094c1874aacc4e01591ff191902ac4d1
asd3dp_v0.4.3_public_annotation_bundle,annotations/clip/clip_gcode_full/by_session/asd3dp_s0035.csv,9531793,49908,278e30bfcda697fd55bea87dcc8afafa8953560bbe099190d0ef8fdaf5e80627
asd3dp_v0.4.3_public_annotation_bundle,annotations/clip/clip_gcode_full/by_session/asd3dp_s0036.csv,9067575,47273,7a167c7bca71a172efb2bafdab13ea461f62095f03fbd344a4f597020cad7525
asd3dp_v0.4.3_public_annotation_bundle,annotations/clip/clip_gcode_full/by_session/asd3dp_s0037.csv,1417,7,0bbb074248c9fef672a217ea6ec6311031703c673a25c914c68475718ba37d29
asd3dp_v0.4.3_public_annotation_bundle,annotations/clip/clip_gcode_full/by_session/asd3dp_s0038.csv,18462700,98465,b48744e165ef094587f02f0cbcd5a3c0aa258705067ab8e5d8babe960f7042d4
asd3dp_v0.4.3_public_annotation_bundle,annotations/clip/clip_gcode_full/by_session/asd3dp_s0039.csv,18391415,98098,7d959b5a99de481bf4ce8e634ffe0fabc692a35da93da58baf482f3c7ef4931c
asd3dp_v0.4.3_public_annotation_bundle,annotations/clip/clip_gcode_full/by_session/asd3dp_s0040.csv,18257584,97333,3da25f908c56cf0d436771c29c921dbe07edc5a8c94c4ecbccbff2f42f9359f4
asd3dp_v0.4.3_public_annotation_bundle,annotations/clip/clip_gcode_full/by_session/asd3dp_s0041.csv,18347904,98830,138feb8ab9a2a7e3979b0d6711225ee879914a740ba671d3b3840772cbb9ddaf
asd3dp_v0.4.3_public_annotation_bundle,annotations/clip/clip_gcode_full/clip_gcode_full.csv,599235,9067,df0d8750610e20f49eba191cd1fbd7c75e73988206e2b6b9023defc4e7a1f5e5
asd3dp_v0.4.3_public_annotation_bundle,annotations/clip/clip_gcode_full/clip_gcode_full_index.csv,2450,41,d8b53c6dff9c801c3f27a11c7fc6c6124037e04facff5188bda90f606f0825b3
asd3dp_v0.4.3_public_annotation_bundle,annotations/clip/clip_plan.csv,2089289,9067,a500e0139994c0f28e183f280f308f705bdd74fb58dd5a92258fc335fc976f71
asd3dp_v0.4.3_public_annotation_bundle,annotations/clip/clip_print_window_membership.csv,7290683,36268,6979e534c3735264eb87a3b5a511aa9cf79e9a065f835bd1cfaa5ea51783627c
asd3dp_v0.4.3_public_annotation_bundle,annotations/clip/clip_process_timeline/by_session/asd3dp_s0001.csv,1449193,2140,30ec5ad8cdd1ce0024732d9179f830f567ee610ca4479baac0cccf1da91337ab
asd3dp_v0.4.3_public_annotation_bundle,annotations/clip/clip_process_timeline/by_session/asd3dp_s0002.csv,1435902,2118,6b6a03b0baedc994f81bdb0d3595acd7dbe991a3a4b375974ed6649a4da6c642
asd3dp_v0.4.3_public_annotation_bundle,annotations/clip/clip_process_timeline/by_session/asd3dp_s0003.csv,1418548,2100,3365c83a526919f4963a675ca5318f44967923475a7a9a04373a3b7b6030e1ff
asd3dp_v0.4.3_public_annotation_bundle,annotations/clip/clip_process_timeline/by_session/asd3dp_s0004.csv,1429728,2107,ef1f0061c7e971b17b063d2af27d0e953de25ec7c66d8aa4a34bf8e72b91cd65
asd3dp_v0.4.3_public_annotation_bundle,annotations/clip/clip_process_timeline/by_session/asd3dp_s0005.csv,1442318,2131,044591073c6b66db3cc34fcddf8a8c4048993dd9ee45676e65230a1d75d910db
asd3dp_v0.4.3_public_annotation_bundle,annotations/clip/clip_process_timeline/by_session/asd3dp_s0006.csv,1446413,2133,e703df8119bbefc8a78260e7aa269cfa7343d75c8147562484b7be246d260ddb
asd3dp_v0.4.3_public_annotation_bundle,annotations/clip/clip_process_timeline/by_session/asd3dp_s0007.csv,1434291,2122,7f8050a823d1306f76806644f17c8fa8a00ff507ff15cf0a6cd21aff5d96c123
asd3dp_v0.4.3_public_annotation_bundle,annotations/clip/clip_process_timeline/by_session/asd3dp_s0008.csv,1419251,2095,397ee1530b81c863b6a773c7a5f051d558d75d96505489444c74b76260d5c903
asd3dp_v0.4.3_public_annotation_bundle,annotations/clip/clip_process_timeline/by_session/asd3dp_s0009.csv,1416331,2097,06f8f337d8ee747f0ebaa439a03c04c8986a53371301cd19682065f875971388
asd3dp_v0.4.3_public_annotation_bundle,annotations/clip/clip_process_timeline/by_session/asd3dp_s0010.csv,1446803,2136,80e31f0b58c28f9af3d2a4e03f43f5edd60307026e6161f1a852d745ecfa43c9
asd3dp_v0.4.3_public_annotation_bundle,annotations/clip/clip_process_timeline/by_session/asd3dp_s0011.csv,1441447,2129,f9fe4aa02858685d6bd23e7e4e8c10e9a751000ee58ba1bae156cb3dd3b34874
asd3dp_v0.4.3_public_annotation_bundle,annotations/clip/clip_process_timeline/by_session/asd3dp_s0012.csv,1439373,2106,6a2c2d768c0fb63f45be748fa754cd703bff2ec0fea1be73ce902f0e96d51044
asd3dp_v0.4.3_public_annotation_bundle,annotations/clip/clip_process_timeline/by_session/asd3dp_s0013.csv,1614655,2335,c2b4d288b950967c919d698a6756ea8d71ad8b6a9e2fb173cf45846a023e97a9
asd3dp_v0.4.3_public_annotation_bundle,annotations/clip/clip_process_timeline/by_session/asd3dp_s0014.csv,1593531,2302,7448c7dfec65c1fc6a939154a4e9c28e506a3f4d3de66e8e97199015caf9f7ce
asd3dp_v0.4.3_public_annotation_bundle,annotations/clip/clip_process_timeline/by_session/asd3dp_s0015.csv,1581485,2295,8975d798d7012cc8b37eace7e464a3691e740d145f1b332bd1f54745eeeb1d3e
asd3dp_v0.4.3_public_annotation_bundle,annotations/clip/clip_process_timeline/by_session/asd3dp_s0016.csv,1263868,1927,2e2b6bf4fb053f06991a7f0dc1bda7acf55efa89188455565fc93c04d77b84cb
asd3dp_v0.4.3_public_annotation_bundle,annotations/clip/clip_process_timeline/by_session/asd3dp_s0017.csv,1251801,1896,093ac8a44ae6972fe67e519fd5a18959628abfaf7c793fcbda3f43d63952065b
asd3dp_v0.4.3_public_annotation_bundle,annotations/clip/clip_process_timeline/by_session/asd3dp_s0018.csv,1244386,1897,bdb5525052a8bb6d282bf2e07eb9a956dbb973074b77cf735d6b52a6f15e5638
asd3dp_v0.4.3_public_annotation_bundle,annotations/clip/clip_process_timeline/by_session/asd3dp_s0019.csv,1237629,1857,15818f85b4e2f00851e7f04c04c6834f4f08f87bcd1b32e805b0a4e60df41e26
asd3dp_v0.4.3_public_annotation_bundle,annotations/clip/clip_process_timeline/by_session/asd3dp_s0020.csv,1253908,1861,46a22b819d4e76af3ff7893bfaf157e417b922ad1e4e34938245ee70d091b8e3
asd3dp_v0.4.3_public_annotation_bundle,annotations/clip/clip_process_timeline/by_session/asd3dp_s0021.csv,1264841,1876,ea930281427f33e5e97cbef80d44d590c2e09f0eb3c54cdd6a8641a7d2ec0941
asd3dp_v0.4.3_public_annotation_bundle,annotations/clip/clip_process_timeline/by_session/asd3dp_s0022.csv,1265927,1885,7fb880bfb99ec195534ffa35c6d2eaa000ebad97173f695df48ea7d9fa03e289
asd3dp_v0.4.3_public_annotation_bundle,annotations/clip/clip_process_timeline/by_session/asd3dp_s0023.csv,1274276,1863,e3d42e946990c7d082fcc863685adaf15390ec492eca453c5328f889f6c43e72
asd3dp_v0.4.3_public_annotation_bundle,annotations/clip/clip_process_timeline/by_session/asd3dp_s0024.csv,1267557,1873,6610b2c57fc63715c706804dec2adad5cb504e2eefd15b4d9b1431c5c0e70a20
asd3dp_v0.4.3_public_annotation_bundle,annotations/clip/clip_process_timeline/by_session/asd3dp_s0025.csv,1262099,1851,18bb7a043881aff4e695dbde1a13fd6b9b41c74b10f5786285c3e0a8b4314d9a
asd3dp_v0.4.3_public_annotation_bundle,annotations/clip/clip_process_timeline/by_session/asd3dp_s0026.csv,1260021,1876,5f161b221e46e6e2cb239e0dfc513af63e9b8369aa98c009b012fb3cfc8f5da3
asd3dp_v0.4.3_public_annotation_bundle,annotations/clip/clip_process_timeline/by_session/asd3dp_s0027.csv,1241192,1851,f294d4b06cab3a24d7beeec828dd7f040c303dd0fe9b2b26744be10f19409e5f
asd3dp_v0.4.3_public_annotation_bundle,annotations/clip/clip_process_timeline/by_session/asd3dp_s0028.csv,1257850,1880,5d0aab0cea83369f1d147be2fa69fb2ef8dfc8ad655e184cb5d71604c16c589c
asd3dp_v0.4.3_public_annotation_bundle,annotations/clip/clip_process_timeline/by_session/asd3dp_s0029.csv,1422868,2118,0b4778da128e0dba582e9b4372e7c8359fab8deddc9c5af2f0cfce041b2b93f7
asd3dp_v0.4.3_public_annotation_bundle,annotations/clip/clip_process_timeline/by_session/asd3dp_s0030.csv,1439241,2121,42d5e37a0e882864b6ffec9bcf5d7158896b05fa106f9fcccf756923934f9efc
asd3dp_v0.4.3_public_annotation_bundle,annotations/clip/clip_process_timeline/by_session/asd3dp_s0031.csv,1428990,2145,cc4c5cb54a3aa00b613c5891a0d7b348dfa9d108b0a5f62855ba8cf3aa636ea2
asd3dp_v0.4.3_public_annotation_bundle,annotations/clip/clip_process_timeline/by_session/asd3dp_s0032.csv,1353748,1923,68e5f5eb023c2b82202c0e9fc3914f1b155e17b32dce884d0492fa8d68890d0d
asd3dp_v0.4.3_public_annotation_bundle,annotations/clip/clip_process_timeline/by_session/asd3dp_s0033.csv,70475,102,b6d5182bb60d9e7a2ee069a562ad272201cd49f838eb0a803a2af79c28282186
asd3dp_v0.4.3_public_annotation_bundle,annotations/clip/clip_process_timeline/by_session/asd3dp_s0034.csv,1091856,1605,634ad77768d2289251f0dc3e21056e9c1bfe9eb5bcea0f910dd43d19d726a6c1
asd3dp_v0.4.3_public_annotation_bundle,annotations/clip/clip_process_timeline/by_session/asd3dp_s0035.csv,1048531,1542,2e8e483c2413a270880a7e4427d1b5dd6057e9027c181aa7413af12e4476a443
asd3dp_v0.4.3_public_annotation_bundle,annotations/clip/clip_process_timeline/by_session/asd3dp_s0036.csv,1037177,1518,b4b7220ac76d5f1a771cca00e61f38263fbea6739063880834db4bd247018542
asd3dp_v0.4.3_public_annotation_bundle,annotations/clip/clip_process_timeline/by_session/asd3dp_s0037.csv,2311,3,30b22dbd96965d9b5181318fb4a86f2a868bcfcf48d4b4c3dc9579ffc311ee80
asd3dp_v0.4.3_public_annotation_bundle,annotations/clip/clip_process_timeline/by_session/asd3dp_s0038.csv,1476737,2133,a17a2c4b9e8bf19e43d4ed696e4a0844f7239788dd9794a2a0c43a2700448c71
asd3dp_v0.4.3_public_annotation_bundle,annotations/clip/clip_process_timeline/by_session/asd3dp_s0039.csv,1466564,2136,e21b94c5a8fd59c3f5e6ddcc440ec2adfbdc5b921061c491c1d2e4a026c20abc
asd3dp_v0.4.3_public_annotation_bundle,annotations/clip/clip_process_timeline/by_session/asd3dp_s0040.csv,1458680,2111,7c241d9571effae5c926d80d5fae98f8dd5ffbd72d52f64fc570a1732686fbdf
asd3dp_v0.4.3_public_annotation_bundle,annotations/clip/clip_process_timeline/by_session/asd3dp_s0041.csv,1423860,2080,eb450bcd70a1d7862124f7bf98f6b83bca579a60f4f443b14c3c13927895ba87
asd3dp_v0.4.3_public_annotation_bundle,annotations/clip/clip_process_timeline/clip_process_timeline.csv,53060342,78276,494ceb5e4973e8e478f52fc7dcdacb1020fcd3794b05d1c94554bd4cc10e8fa4
asd3dp_v0.4.3_public_annotation_bundle,annotations/clip/clip_process_timeline/clip_process_timeline_index.csv,1673,41,87f39977a617537fec4f93fa14701e51fd39e9a81b051765a89aaf52adc64109
asd3dp_v0.4.3_public_annotation_bundle,annotations/clip/clip_telemetry.csv,14984036,9067,2b08d60bf1a54e309290c39cda925b9f924ca0ea687c65941978222cb7da0b7b
asd3dp_v0.4.3_public_annotation_bundle,annotations/clip/event_clean_manifest.csv,12930365,36268,73e1750c60fedfda43fd1ed5c4020e9e84227f443cffa3b0b61894e3e2e34e55
asd3dp_v0.4.3_public_annotation_bundle,annotations/clip/fault_mode_pulse_candidate_labeling.csv,714618,2080,3a3b96d5d1d94ba37a35fa7b913ae5cb1fcf2ae8242618553465c22cd0647c48
asd3dp_v0.4.3_public_annotation_bundle,annotations/clip/session_clip_phase_windows.csv,38690,164,495f8132d98874615760a3455a112c75b784ce6ede6f089882e19597d628bb68
asd3dp_v0.4.3_public_annotation_bundle,annotations/clip/session_clip_print_windows.csv,32441,164,f416a3fd4a160b875ce49c5649a074f4f51a9a4aa88bcf18cb28173a1a0563c8
asd3dp_v0.4.3_public_annotation_bundle,annotations/session/audio_channels.csv,418,4,3b26d398f888a26f42a72e1e428124800cd4cee43720fde6903a12beecaa5e5b
asd3dp_v0.4.3_public_annotation_bundle,annotations/session/audio_files.csv,18296,164,873659efe66208a3afc8e16217bbe63ae2168da3a50446aacffba58550e62a1e
asd3dp_v0.4.3_public_annotation_bundle,annotations/session/audio_gcode_macro/.DS_Store,8196,,cf72a798c02adc2e3b9c01b3a159f958a1b3b9a4841e694678986e4258d0a66a
asd3dp_v0.4.3_public_annotation_bundle,annotations/session/audio_gcode_macro/audio_gcode_macro.csv,58228,511,27a741b3b0a7d32823007a04423b0f681870f76e62cb83f628c4e676133a2c9e
asd3dp_v0.4.3_public_annotation_bundle,annotations/session/audio_gcode_macro/by_session/asd3dp_s0001.csv,1045,8,218456e007f76aff11aa2d9bc7e25518c5673cebdbfd087ad23f1240ecc99196
asd3dp_v0.4.3_public_annotation_bundle,annotations/session/audio_gcode_macro/by_session/asd3dp_s0002.csv,1046,8,a056628f75175bb2451dfde77cb7480e23c0769ab4e0fb7f46fbd0d8c34502ae
asd3dp_v0.4.3_public_annotation_bundle,annotations/session/audio_gcode_macro/by_session/asd3dp_s0003.csv,1048,8,e43a12ad8b70bd9bd2f2cc238ad6012e052b37ac77521e84b5f1e08b1258a093
asd3dp_v0.4.3_public_annotation_bundle,annotations/session/audio_gcode_macro/by_session/asd3dp_s0004.csv,1047,8,8c1b1601a27c23938c83fe91f3fdbdf65b3e085320e883ce7499e90b5f8e4fc7
asd3dp_v0.4.3_public_annotation_bundle,annotations/session/audio_gcode_macro/by_session/asd3dp_s0005.csv,1043,8,e0dbc19872b843b2df7047f39e2b8c525ff7c6b8059e65f36ebca1465c9d6b2e
asd3dp_v0.4.3_public_annotation_bundle,annotations/session/audio_gcode_macro/by_session/asd3dp_s0006.csv,1038,8,cd4e0314f26712eeafcf33f0689bfe10d1307705476fa2f435c132aaeae95c01
asd3dp_v0.4.3_public_annotation_bundle,annotations/session/audio_gcode_macro/by_session/asd3dp_s0007.csv,1045,8,178c87518ae9407cd1d72b6b0dc5fa344737643990dfcbbb98e7ded9e530156e
asd3dp_v0.4.3_public_annotation_bundle,annotations/session/audio_gcode_macro/by_session/asd3dp_s0008.csv,1045,8,56cec4d78de4dc85774237b4e4a6241eec18bc5c2536afa2d0ebb64751bd5a3d
asd3dp_v0.4.3_public_annotation_bundle,annotations/session/audio_gcode_macro/by_session/asd3dp_s0009.csv,1044,8,f46a9d175004b82fe170d12936bb8049fb8feb0f8f5499d6613b1f9b23403b0b
asd3dp_v0.4.3_public_annotation_bundle,annotations/session/audio_gcode_macro/by_session/asd3dp_s0010.csv,1046,8,fd2a2cf5a5b6808996b3ecc3ca376e58f3965552cfc5d8665e17963fb5367da1
asd3dp_v0.4.3_public_annotation_bundle,annotations/session/audio_gcode_macro/by_session/asd3dp_s0011.csv,1045,8,44b75bfa5dbb56ca29ddafb18a27c761eeb00a543128207de40224b01610879d
asd3dp_v0.4.3_public_annotation_bundle,annotations/session/audio_gcode_macro/by_session/asd3dp_s0012.csv,1046,8,a35c3fb5f0e8fb73434f3032285edc6a645dce4b0545f1668f484b6fedbb6395
asd3dp_v0.4.3_public_annotation_bundle,annotations/session/audio_gcode_macro/by_session/asd3dp_s0013.csv,1061,8,a9a915f3604661ccd1b4cc2f01c14b4c84b257085ad3d8ac845e217f6a859cb1
asd3dp_v0.4.3_public_annotation_bundle,annotations/session/audio_gcode_macro/by_session/asd3dp_s0014.csv,1068,8,a837c2f7fe1292ebc4879a2455db2de63839f1804fb7a562a6a76f180283d02b
asd3dp_v0.4.3_public_annotation_bundle,annotations/session/audio_gcode_macro/by_session/asd3dp_s0015.csv,1072,8,c149fa6699f6477fa420eea0b3faba6ed5ad731aea7f4096d6288a549ff60bd5
asd3dp_v0.4.3_public_annotation_bundle,annotations/session/audio_gcode_macro/by_session/asd3dp_s0016.csv,1044,8,e129845cc6c15bd3b24bea91dd17dad4b714d731c913939f678ea3cae56557ee
asd3dp_v0.4.3_public_annotation_bundle,annotations/session/audio_gcode_macro/by_session/asd3dp_s0017.csv,1065,8,43d7680dd3b524bd76c89bed3778985eaefb9f99269474fe68ca681c618b6752
asd3dp_v0.4.3_public_annotation_bundle,annotations/session/audio_gcode_macro/by_session/asd3dp_s0018.csv,1060,8,9651a7216c59d0cac6a5a83c93f7087720d6f2179bc871c4c91c781ea5d7f940
asd3dp_v0.4.3_public_annotation_bundle,annotations/session/audio_gcode_macro/by_session/asd3dp_s0019.csv,1072,8,d4728bb526f055356f43e8d02f98312c3ef840c7607848c22f4c106e39b23a0d
asd3dp_v0.4.3_public_annotation_bundle,annotations/session/audio_gcode_macro/by_session/asd3dp_s0020.csv,2708,26,f829000b1c47f831df71b4af6acf469a176ffedb897f1850a77eb2db7fe6d8d9
asd3dp_v0.4.3_public_annotation_bundle,annotations/session/audio_gcode_macro/by_session/asd3dp_s0021.csv,2705,26,b2bf0b07c6eec89d6340e27418e01c778dc9acce53eedd7a6d284a4be89380bb
asd3dp_v0.4.3_public_annotation_bundle,annotations/session/audio_gcode_macro/by_session/asd3dp_s0022.csv,2708,26,c9fbcd8ef20863292405b8174c26d781a5e4358c0b367391b7ec98e12be114c1
asd3dp_v0.4.3_public_annotation_bundle,annotations/session/audio_gcode_macro/by_session/asd3dp_s0023.csv,2710,26,dfee98e4f98ef13d094f9d8c5cb6008b112e4495a6c09289b2891327deafbab0
asd3dp_v0.4.3_public_annotation_bundle,annotations/session/audio_gcode_macro/by_session/asd3dp_s0024.csv,2713,26,7e4106ab09471852f4749a3f08492a6e084facb1b0f703b94869a8f794ce9fdb
asd3dp_v0.4.3_public_annotation_bundle,annotations/session/audio_gcode_macro/by_session/asd3dp_s0025.csv,2708,26,8f544d574c32c4f718151cb59c2e25789efc46017aa73ef9917bfebe0b8e84ac
asd3dp_v0.4.3_public_annotation_bundle,annotations/session/audio_gcode_macro/by_session/asd3dp_s0026.csv,2704,26,9b1420fc0d792f35df41d667cdb2c8481bd214685e5855864a30f279044c010f
asd3dp_v0.4.3_public_annotation_bundle,annotations/session/audio_gcode_macro/by_session/asd3dp_s0027.csv,2696,26,5564fa8139fa79938a29207a245f492455e9dfd8e9daa90fd5338ae7aa362a78
asd3dp_v0.4.3_public_annotation_bundle,annotations/session/audio_gcode_macro/by_session/asd3dp_s0028.csv,2718,26,83c11574478c9d88ea19b4d5a42ee0d54227ef9f5e75a9fb0179fe3c7416a211
asd3dp_v0.4.3_public_annotation_bundle,annotations/session/audio_gcode_macro/by_session/asd3dp_s0029.csv,1040,8,04d3ca3901f37352540e12de613cb73163a6a11501339d8e6d7d31ab524380ff
asd3dp_v0.4.3_public_annotation_bundle,annotations/session/audio_gcode_macro/by_session/asd3dp_s0030.csv,1045,8,7e1e42bf7674652059f39517285832e8b90e41f0ef7a1b09d9d690d217a97f0e
asd3dp_v0.4.3_public_annotation_bundle,annotations/session/audio_gcode_macro/by_session/asd3dp_s0031.csv,1043,8,e57d47ca32f6745b47865f9fe001cf853bf3ca8e86b536c21651acf148c72557
asd3dp_v0.4.3_public_annotation_bundle,annotations/session/audio_gcode_macro/by_session/asd3dp_s0032.csv,1271,10,3fe097be8856634f519ba9af81d2a1e6ac70fd0c3c5bf18cb971a84bd969e5f0
asd3dp_v0.4.3_public_annotation_bundle,annotations/session/audio_gcode_macro/by_session/asd3dp_s0033.csv,1233,10,e94201476bae42a4549b412f8ea27f2cf738976acbf49bcff0f2a9877a701156
asd3dp_v0.4.3_public_annotation_bundle,annotations/session/audio_gcode_macro/by_session/asd3dp_s0034.csv,2693,26,3fba2c452216b9280cca6a0111775ccb69b439c0f54bf2477713cddcdb280469
asd3dp_v0.4.3_public_annotation_bundle,annotations/session/audio_gcode_macro/by_session/asd3dp_s0035.csv,1049,8,26f07126278725ac9123982026c2a64d200e5ef763600bc5728bfc7f13674fb3
asd3dp_v0.4.3_public_annotation_bundle,annotations/session/audio_gcode_macro/by_session/asd3dp_s0036.csv,1051,8,73e45a1b7a0e8d906ada99827380225ab72afd847810367a3d8591805abc5e6d
asd3dp_v0.4.3_public_annotation_bundle,annotations/session/audio_gcode_macro/by_session/asd3dp_s0037.csv,943,7,ed7db0731005d05135ca6ef1f2adcc4b911178b3214def34caa384509a88f4ae
asd3dp_v0.4.3_public_annotation_bundle,annotations/session/audio_gcode_macro/by_session/asd3dp_s0038.csv,1064,8,ab5023e090806d3a4fcf4e895911bc4533115fc853a8f56c4d5d7e22804a368d
asd3dp_v0.4.3_public_annotation_bundle,annotations/session/audio_gcode_macro/by_session/asd3dp_s0039.csv,1068,8,ed370f9fbe986294e2a7d52580c98987c23d25a83e266fb81389043d2947a7cb
asd3dp_v0.4.3_public_annotation_bundle,annotations/session/audio_gcode_macro/by_session/asd3dp_s0040.csv,1070,8,e089b9be034e3c75236dccb4c618e042a80d7ea62e54677bc0a5530226d38de1
asd3dp_v0.4.3_public_annotation_bundle,annotations/session/audio_gcode_macro/by_session/asd3dp_s0041.csv,1046,8,5cab73967424d194931a3538c7604c21c5679687c611658a9a56e90430111e93
asd3dp_v0.4.3_public_annotation_bundle,annotations/session/audio_gcode_macro/macro_index.csv,6009,41,8f08144f9b3f098dd84e54a43b94ed19c569683887dc856fda233807dcf0c824
asd3dp_v0.4.3_public_annotation_bundle,annotations/session/audio_gcode_sync/audio_gcode_sync.csv,8479,41,5a73077448d6b3803a27e3818e395af1b3bf86c25051bc121f399f26c03d71a9
asd3dp_v0.4.3_public_annotation_bundle,annotations/session/audio_gcode_sync/by_session/asd3dp_s0001.csv,286111,2169,88040c08332b9029da00f81ea9189865975ed61b6d39d33e7314147456ec8cd1
asd3dp_v0.4.3_public_annotation_bundle,annotations/session/audio_gcode_sync/by_session/asd3dp_s0002.csv,285197,2167,e01b0c08313d81885c9eae03eef18291ff9d9aaf0d650c4c3a1aed8b31d48e78
asd3dp_v0.4.3_public_annotation_bundle,annotations/session/audio_gcode_sync/by_session/asd3dp_s0003.csv,286225,2172,f0017599ad7181b46be99c18f09ec7bcab0122f0959a2a48e25a0fbd2d0f86c5
asd3dp_v0.4.3_public_annotation_bundle,annotations/session/audio_gcode_sync/by_session/asd3dp_s0004.csv,284970,2169,3b2ac6ec0b93d1e9d6e4ca6325b85d445566c700ef160c00de45fd2c4a7f9297
asd3dp_v0.4.3_public_annotation_bundle,annotations/session/audio_gcode_sync/by_session/asd3dp_s0005.csv,285047,2167,193a43a9099b4cd0b95d4463e669c01b7bd71c62f1d7f0903ad8c3d9d8fdf557
asd3dp_v0.4.3_public_annotation_bundle,annotations/session/audio_gcode_sync/by_session/asd3dp_s0006.csv,285894,2171,0c5f60f0d8620f5861b0692f3b403199110b9b390cffbdf91dbae2b8bd73bda2
asd3dp_v0.4.3_public_annotation_bundle,annotations/session/audio_gcode_sync/by_session/asd3dp_s0007.csv,284619,2175,acb424791f4f9de7778762167d71cf0f5c9b98c5c6e9c0f2213186ecb5871058
asd3dp_v0.4.3_public_annotation_bundle,annotations/session/audio_gcode_sync/by_session/asd3dp_s0008.csv,286460,2178,ce1815b6f78cb638d63d770b401625be0384a6e1e7ef119e29e748fa9b7bc070
asd3dp_v0.4.3_public_annotation_bundle,annotations/session/audio_gcode_sync/by_session/asd3dp_s0009.csv,284218,2178,518542681fe979340689153a6013585d7c69519e755e59a42a3097e9d08bf198
asd3dp_v0.4.3_public_annotation_bundle,annotations/session/audio_gcode_sync/by_session/asd3dp_s0010.csv,288834,2189,b9f75d8f2a472e27d0f1d55ac74e9c74aba16b018210f177428ef0d3d606446c
asd3dp_v0.4.3_public_annotation_bundle,annotations/session/audio_gcode_sync/by_session/asd3dp_s0011.csv,285113,2170,33cb1bf3f28a4a99a95e5b1bc859baddb7213322d98415b59b05b067832cad5c
asd3dp_v0.4.3_public_annotation_bundle,annotations/session/audio_gcode_sync/by_session/asd3dp_s0012.csv,290281,2170,1db8ca44168513bcbee8a40689291eda32e073c5015dea3fd220cd9f8627e2c3
asd3dp_v0.4.3_public_annotation_bundle,annotations/session/audio_gcode_sync/by_session/asd3dp_s0013.csv,303999,2252,1f6cba393335c8a9989829f3a6744c147c2e6ab82e81598fde4f22a880b5ac0d
asd3dp_v0.4.3_public_annotation_bundle,annotations/session/audio_gcode_sync/by_session/asd3dp_s0014.csv,304090,2249,3b37c47cb224dfee7d1f8fb93156a8b34dc9f873d6ae84b680eec1805bbffabe
asd3dp_v0.4.3_public_annotation_bundle,annotations/session/audio_gcode_sync/by_session/asd3dp_s0015.csv,301789,2248,75789e9457df5e527265cc7e2eecaec290c245ebfd7e4b2dc7bed4921e321944
asd3dp_v0.4.3_public_annotation_bundle,annotations/session/audio_gcode_sync/by_session/asd3dp_s0016.csv,264429,1987,594499c00b8f6beca5dd15900df2f671d117de44ce0783a16cf48546a0200291
asd3dp_v0.4.3_public_annotation_bundle,annotations/session/audio_gcode_sync/by_session/asd3dp_s0017.csv,267887,2001,8f1788df50438fec5197339a324a6eaf0861b1455a94df10c8e8f1df2cd63e34
asd3dp_v0.4.3_public_annotation_bundle,annotations/session/audio_gcode_sync/by_session/asd3dp_s0018.csv,264291,1982,c5a2de04eb1d2d2efb62c0269fa6fe674dde20d04526080215862ab381c53236
asd3dp_v0.4.3_public_annotation_bundle,annotations/session/audio_gcode_sync/by_session/asd3dp_s0019.csv,262972,1936,ced556e956637fbc1239cab8c509127cbb5e20eff85cf89502ea19dfd7cb2d42
asd3dp_v0.4.3_public_annotation_bundle,annotations/session/audio_gcode_sync/by_session/asd3dp_s0020.csv,297264,2259,b0e40ff957efff83302cb2e9a17245194758ba044bd2ea568c4388f0feb6e21e
asd3dp_v0.4.3_public_annotation_bundle,annotations/session/audio_gcode_sync/by_session/asd3dp_s0021.csv,299162,2260,0bd873204bb91c703d365772467bfb9bffcff473ea8eb2310f97323ea1382b47
asd3dp_v0.4.3_public_annotation_bundle,annotations/session/audio_gcode_sync/by_session/asd3dp_s0022.csv,298021,2261,a6c1b903f28d5db31852756cca58157a9592f9941b8b7e74c9dd428352fff9a4
asd3dp_v0.4.3_public_annotation_bundle,annotations/session/audio_gcode_sync/by_session/asd3dp_s0023.csv,301892,2261,0950c1cd87dfb34bcdc94994b8246ef24ff93993dd8b4b86e40c3037c2559054
asd3dp_v0.4.3_public_annotation_bundle,annotations/session/audio_gcode_sync/by_session/asd3dp_s0024.csv,299269,2256,b1321552ef8802734d0c53835fc04f597dbc3bf443e6e63f63605a204eaa3c88
asd3dp_v0.4.3_public_annotation_bundle,annotations/session/audio_gcode_sync/by_session/asd3dp_s0025.csv,303360,2257,96b7d72d89331f20eadd7b67f76e767a593462aff72f19b78e438ac205237549
asd3dp_v0.4.3_public_annotation_bundle,annotations/session/audio_gcode_sync/by_session/asd3dp_s0026.csv,295836,2258,9209453e5305699e892da15d339faca146c639c9002fb8bfa98c39a7c24d8edf
asd3dp_v0.4.3_public_annotation_bundle,annotations/session/audio_gcode_sync/by_session/asd3dp_s0027.csv,298661,2262,5aa0614bdc60095928a32a25b5d8117c08a2aaa9dded1b87c5a8c859076ea6ab
asd3dp_v0.4.3_public_annotation_bundle,annotations/session/audio_gcode_sync/by_session/asd3dp_s0028.csv,297546,2258,0a4e8aea3028228bb765f4216b343f2ea4960f84db1b48d15eacc73cd2114835
asd3dp_v0.4.3_public_annotation_bundle,annotations/session/audio_gcode_sync/by_session/asd3dp_s0029.csv,286463,2169,eb224b3c8336291fa2f732f79c1f3a186e771e74a27b8a662c1167475473bc4f
asd3dp_v0.4.3_public_annotation_bundle,annotations/session/audio_gcode_sync/by_session/asd3dp_s0030.csv,291385,2172,31f7e8d9a38664ec09356287c1f82246b6eac3f8ab0dbbef860dab581b2e70dd
asd3dp_v0.4.3_public_annotation_bundle,annotations/session/audio_gcode_sync/by_session/asd3dp_s0031.csv,285273,2173,4485663e8de06849ffeaa5913ca1e425f4b25c73e82b9a759bada6b1a6b9f58c
asd3dp_v0.4.3_public_annotation_bundle,annotations/session/audio_gcode_sync/by_session/asd3dp_s0032.csv,258485,1987,6e2b44c6c088eb74e1c0888d856bdeb8e0eafc819d673f1fbe0245626a9261ab
asd3dp_v0.4.3_public_annotation_bundle,annotations/session/audio_gcode_sync/by_session/asd3dp_s0033.csv,11633,94,e0a08d067a6d0eafe52bbdbbc8b75207962f479e9c989c5621a1e289c48600fc
asd3dp_v0.4.3_public_annotation_bundle,annotations/session/audio_gcode_sync/by_session/asd3dp_s0034.csv,203336,1591,02551107d4b7c97805f3aacee496f9369fb0ec4d84e7013c5781df91af2c2336
asd3dp_v0.4.3_public_annotation_bundle,annotations/session/audio_gcode_sync/by_session/asd3dp_s0035.csv,200853,1575,a9ed54359f079e4ebec49e1db489534f3200abfabd1f73bae767da5c48a3ba08
asd3dp_v0.4.3_public_annotation_bundle,annotations/session/audio_gcode_sync/by_session/asd3dp_s0036.csv,197278,1551,7e482ea7384da186c33bab3792b33d9065f920703175e7a4dd5360feb3fdf3db
asd3dp_v0.4.3_public_annotation_bundle,annotations/session/audio_gcode_sync/by_session/asd3dp_s0037.csv,209,1,4f0b62bde52217f4575e46853f1a057492655f7b3cae80638c319e4d155b56b8
asd3dp_v0.4.3_public_annotation_bundle,annotations/session/audio_gcode_sync/by_session/asd3dp_s0038.csv,300703,2247,f8b82d84587ed7962383a9dbe45c0df2c01eb0ee359c568a1b72062a61a8c891
asd3dp_v0.4.3_public_annotation_bundle,annotations/session/audio_gcode_sync/by_session/asd3dp_s0039.csv,298318,2236,078be1c511e812a4304faf7e8f678317f24ee1438e16ab94961d5707fef97d08
asd3dp_v0.4.3_public_annotation_bundle,annotations/session/audio_gcode_sync/by_session/asd3dp_s0040.csv,299807,2224,cfe70a3de9207ff5ba0a84c5b1823efe5a33855708b6fea05408905b5aa5d7ad
asd3dp_v0.4.3_public_annotation_bundle,annotations/session/audio_gcode_sync/by_session/asd3dp_s0041.csv,285761,2137,3499649d3055ba3c38df1c5e02e9f4cfd8bd403263a3905d0e4569e63156dabd
asd3dp_v0.4.3_public_annotation_bundle,annotations/session/audio_gcode_sync_full/audio_gcode_sync_full.csv,9766,41,bdccbf81d3f0980ac707491eb836cd517c1802c63193ef51dd3cd70f4503e427
asd3dp_v0.4.3_public_annotation_bundle,annotations/session/audio_gcode_sync_full/by_session/asd3dp_s0001.csv,11455543,100265,a1c10def329de5ea003f46897177adfefdc0db7107eaaed18a5ab630489abce0
asd3dp_v0.4.3_public_annotation_bundle,annotations/session/audio_gcode_sync_full/by_session/asd3dp_s0002.csv,11457318,100265,7e1ce0b6148a645570a1d080f6755a9fbc4571846b3890b507c35f444c9c545d
asd3dp_v0.4.3_public_annotation_bundle,annotations/session/audio_gcode_sync_full/by_session/asd3dp_s0003.csv,11452422,100265,b07afcf1f425173eb7e4c47700bb79fafb10d2cc268f50177ce2116bd3542709
asd3dp_v0.4.3_public_annotation_bundle,annotations/session/audio_gcode_sync_full/by_session/asd3dp_s0004.csv,11458531,100265,c651b4a3325acc6fa4084c3ee7252a4a114717d9682c99a1710df99909f4c6a3
asd3dp_v0.4.3_public_annotation_bundle,annotations/session/audio_gcode_sync_full/by_session/asd3dp_s0005.csv,11455522,100265,c2b751f212e52e6c6f1ee1ea0fccad7b195853ae8df195977ceb866959639c22
asd3dp_v0.4.3_public_annotation_bundle,annotations/session/audio_gcode_sync_full/by_session/asd3dp_s0006.csv,11457847,100265,2af5b9dac90afd32518d639b9be512f690c16744835f5d3d64d7857551010498
asd3dp_v0.4.3_public_annotation_bundle,annotations/session/audio_gcode_sync_full/by_session/asd3dp_s0007.csv,11452993,100265,868662e02cc4e9385d1f815545e046af4c08199e65ecfe2aae38643e21f69abb
asd3dp_v0.4.3_public_annotation_bundle,annotations/session/audio_gcode_sync_full/by_session/asd3dp_s0008.csv,11455332,100265,67824189599720afaa48b8ec7bfc41c4c9a669b31a1aadd198b6ec05741705b2
asd3dp_v0.4.3_public_annotation_bundle,annotations/session/audio_gcode_sync_full/by_session/asd3dp_s0009.csv,11451746,100265,04c32cca2720961a50a65a89bb5fbc02f81c081dbcd4ebf3e5b23925d7a862d7
asd3dp_v0.4.3_public_annotation_bundle,annotations/session/audio_gcode_sync_full/by_session/asd3dp_s0010.csv,11455041,100265,4698d2888ac38c4244ebc42182ef9ebb6ad108141df0a1c3b5dff1e741a395fd
asd3dp_v0.4.3_public_annotation_bundle,annotations/session/audio_gcode_sync_full/by_session/asd3dp_s0011.csv,11454334,100263,9464f598676c2b52ca5a655c5a56bfebab9a766eb66e8e78b985f0f1a6c218a7
asd3dp_v0.4.3_public_annotation_bundle,annotations/session/audio_gcode_sync_full/by_session/asd3dp_s0012.csv,11473401,100263,8c7f07c8048f2f6c005c0c6be0292d75572184b8db868a6d77d042dac69a944f
asd3dp_v0.4.3_public_annotation_bundle,annotations/session/audio_gcode_sync_full/by_session/asd3dp_s0013.csv,11571378,99473,b58a56bdfdcd48ff30f5ae72536f84ee47020f3b2a120d1eadad2980d94dab51
asd3dp_v0.4.3_public_annotation_bundle,annotations/session/audio_gcode_sync_full/by_session/asd3dp_s0014.csv,11510993,98869,9096884953e0391df29f387ef59e4b8a0dbd995ebffdcaebf31e669a24b122ab
asd3dp_v0.4.3_public_annotation_bundle,annotations/session/audio_gcode_sync_full/by_session/asd3dp_s0015.csv,11502882,98850,2812a59bbeba9b524edaf043a2000c2399e5e2d18131a1d7b0bd8fc67253fcea
asd3dp_v0.4.3_public_annotation_bundle,annotations/session/audio_gcode_sync_full/by_session/asd3dp_s0016.csv,10717155,93410,4ade11ebf5d7425e1216b1a7a3328b5a01c450a1793134912054bd76584435d9
asd3dp_v0.4.3_public_annotation_bundle,annotations/session/audio_gcode_sync_full/by_session/asd3dp_s0017.csv,10467548,89759,34469bf83db9a464c50cf355e13f0e1074ba1b9f62015a03d824f7bf777344f4
asd3dp_v0.4.3_public_annotation_bundle,annotations/session/audio_gcode_sync_full/by_session/asd3dp_s0018.csv,10391886,89122,040394eb13b5124b050aad723d716769edbb582c4e43b7ffc0916ea8c836b16a
asd3dp_v0.4.3_public_annotation_bundle,annotations/session/audio_gcode_sync_full/by_session/asd3dp_s0019.csv,10160216,86975,72eed1eb34f0fe5f42ffb7a93305f62a61c4b26b5597e1ac34432e265ebc7d77
asd3dp_v0.4.3_public_annotation_bundle,annotations/session/audio_gcode_sync_full/by_session/asd3dp_s0020.csv,11551067,99496,6f3872137a41cc441e675141e226fae7d5bbeb7666ab3371e80e8efbe723ca1d
asd3dp_v0.4.3_public_annotation_bundle,annotations/session/audio_gcode_sync_full/by_session/asd3dp_s0021.csv,11553113,99496,b85e538fcad055237c52d35da53fe6d55062552785459b5e5bd1723ab769f3af
asd3dp_v0.4.3_public_annotation_bundle,annotations/session/audio_gcode_sync_full/by_session/asd3dp_s0022.csv,11550662,99495,4b40d8238270c4484fb955dad67cc162f1628900a90c2dad70f91d2f3e9762b0
asd3dp_v0.4.3_public_annotation_bundle,annotations/session/audio_gcode_sync_full/by_session/asd3dp_s0023.csv,11559297,99495,0e52137f008d4e89264db2b5a5103148c5af297f913fe8a7f0e9b4ec0fa2f615
asd3dp_v0.4.3_public_annotation_bundle,annotations/session/audio_gcode_sync_full/by_session/asd3dp_s0024.csv,11554581,99495,0ba92576054216c6433739825c919d8d678e41cd813fcf2b8501b4e5f19b12bf
asd3dp_v0.4.3_public_annotation_bundle,annotations/session/audio_gcode_sync_full/by_session/asd3dp_s0025.csv,11564156,99495,467a6184f7cc6fea963ad872638be59511a0a85e5b029d61b89abaa1457699c1
asd3dp_v0.4.3_public_annotation_bundle,annotations/session/audio_gcode_sync_full/by_session/asd3dp_s0026.csv,11550350,99496,0320e7ed16ae6ebc18f8a1c709152eeb538840e0ee4b1c9dc863be68c4f15b8d
asd3dp_v0.4.3_public_annotation_bundle,annotations/session/audio_gcode_sync_full/by_session/asd3dp_s0027.csv,11550353,99496,0e0ff2ad6aa08f1365ddf26c5bcaf902f9e4b4ba5e834c1ae9e8e8f1f5f496cd
asd3dp_v0.4.3_public_annotation_bundle,annotations/session/audio_gcode_sync_full/by_session/asd3dp_s0028.csv,11549555,99495,80a2f0d14e1eebd790e0b5e421dc077f9ef325f4763173c0c91236967b475f99
asd3dp_v0.4.3_public_annotation_bundle,annotations/session/audio_gcode_sync_full/by_session/asd3dp_s0029.csv,11481658,100453,880dea63b76c8b88884728e20f184adf23a1d48c92be1054d9b20d125011e274
asd3dp_v0.4.3_public_annotation_bundle,annotations/session/audio_gcode_sync_full/by_session/asd3dp_s0030.csv,11496263,100453,cb6e32fd61c27216e1375b5762aaca483ae76728a77c74a38637dfbc4b2bbc73
asd3dp_v0.4.3_public_annotation_bundle,annotations/session/audio_gcode_sync_full/by_session/asd3dp_s0031.csv,11470522,100453,48086b93372c143363444ea022f90805e8e8f09d78b444597507fef9b991c2e6
asd3dp_v0.4.3_public_annotation_bundle,annotations/session/audio_gcode_sync_full/by_session/asd3dp_s0032.csv,10553935,92903,7acfdba825ecc1cfcd7b96afa032569c6503d7b30f1616fccf64c1e1223a1e3a
asd3dp_v0.4.3_public_annotation_bundle,annotations/session/audio_gcode_sync_full/by_session/asd3dp_s0033.csv,372107,3455,b0f0660e9a93bf326e84222857fd664c8388ba68da95674f32bb0b210293d85c
asd3dp_v0.4.3_public_annotation_bundle,annotations/session/audio_gcode_sync_full/by_session/asd3dp_s0034.csv,10472388,86487,4ebd61ce3335a894b5dff5746b77789c53453f1885a625b16d7ab8103b7b47f3
asd3dp_v0.4.3_public_annotation_bundle,annotations/session/audio_gcode_sync_full/by_session/asd3dp_s0035.csv,10471057,86475,30f6291f236f51c7e4024b74bf927380dac9196573625d67212946214a46a2ba
asd3dp_v0.4.3_public_annotation_bundle,annotations/session/audio_gcode_sync_full/by_session/asd3dp_s0036.csv,10467165,86376,af61c33abb165c27989c47802ba29e1eb605f9099677f4e96c9a19e384e0d6a8
asd3dp_v0.4.3_public_annotation_bundle,annotations/session/audio_gcode_sync_full/by_session/asd3dp_s0037.csv,156,0,256455b5c870d916d238bf3e71f5d23db5761d09c64c3a8f3aac3a5c4721d050
asd3dp_v0.4.3_public_annotation_bundle,annotations/session/audio_gcode_sync_full/by_session/asd3dp_s0038.csv,11452959,98457,1404ca46e744b777d4d409d18c56962ea54e5fc60b4a54c2d20bdb676f917e2a
asd3dp_v0.4.3_public_annotation_bundle,annotations/session/audio_gcode_sync_full/by_session/asd3dp_s0039.csv,11408458,98090,c5f8803b5fc19407e26242e4b6a1a69b606759f86ad10b3be7c054a256c0ee7d
asd3dp_v0.4.3_public_annotation_bundle,annotations/session/audio_gcode_sync_full/by_session/asd3dp_s0040.csv,11329379,97325,6772092a5ff54b7f311cac991263e480328be83bc893bc8ef2f4ef58833dcc50
asd3dp_v0.4.3_public_annotation_bundle,annotations/session/audio_gcode_sync_full/by_session/asd3dp_s0041.csv,11314671,98822,36100b3bc4d82741d0cf385655ebfb4a924fb32ce9c3d4902bd9368cbb65ac1e
asd3dp_v0.4.3_public_annotation_bundle,annotations/session/audio_manifest.csv,4131,41,e9ad06924da33854e647262bc1a9e910a41392842b93ca721d8cbac44a3306ac
asd3dp_v0.4.3_public_annotation_bundle,annotations/session/audio_timing.csv,3342,41,b20e939eb9c2164bf672199ac266847a593796f626c1b134aec57b36147f90ba
asd3dp_v0.4.3_public_annotation_bundle,annotations/session/condition_annotations.csv,7269,41,e193aeeeed5f4970e12b9073ebd3a4efae621d983c6e7b99508bd3196e58dd20
asd3dp_v0.4.3_public_annotation_bundle,annotations/session/fault_active_intervals.csv,279310,1373,15eacb9e8ea3a19530ee2633b4edea3bf33f7cd68c51ced74f0fd80274ea6e25
asd3dp_v0.4.3_public_annotation_bundle,annotations/session/fault_mode_pulse_candidate_labeling.csv,714618,2080,3a3b96d5d1d94ba37a35fa7b913ae5cb1fcf2ae8242618553465c22cd0647c48
asd3dp_v0.4.3_public_annotation_bundle,annotations/session/firmware_software_summary.csv,1034,1,b9f005eda95c4083a7f1d36966a0a1b989b03d4990f032e58325437e82f2a173
asd3dp_v0.4.3_public_annotation_bundle,annotations/session/gcode/files/asd3dp_s0001.gcode,2761918,,9748b96d7ed7c15cfb9ea59f8944c9ade81493df8fd79d181da1dae6ce5f805e
asd3dp_v0.4.3_public_annotation_bundle,annotations/session/gcode/files/asd3dp_s0002.gcode,2761918,,9748b96d7ed7c15cfb9ea59f8944c9ade81493df8fd79d181da1dae6ce5f805e
asd3dp_v0.4.3_public_annotation_bundle,annotations/session/gcode/files/asd3dp_s0003.gcode,2761918,,9748b96d7ed7c15cfb9ea59f8944c9ade81493df8fd79d181da1dae6ce5f805e
asd3dp_v0.4.3_public_annotation_bundle,annotations/session/gcode/files/asd3dp_s0004.gcode,2761918,,9748b96d7ed7c15cfb9ea59f8944c9ade81493df8fd79d181da1dae6ce5f805e
asd3dp_v0.4.3_public_annotation_bundle,annotations/session/gcode/files/asd3dp_s0005.gcode,2761918,,9748b96d7ed7c15cfb9ea59f8944c9ade81493df8fd79d181da1dae6ce5f805e
asd3dp_v0.4.3_public_annotation_bundle,annotations/session/gcode/files/asd3dp_s0006.gcode,2761918,,9748b96d7ed7c15cfb9ea59f8944c9ade81493df8fd79d181da1dae6ce5f805e
asd3dp_v0.4.3_public_annotation_bundle,annotations/session/gcode/files/asd3dp_s0007.gcode,2761918,,9748b96d7ed7c15cfb9ea59f8944c9ade81493df8fd79d181da1dae6ce5f805e
asd3dp_v0.4.3_public_annotation_bundle,annotations/session/gcode/files/asd3dp_s0008.gcode,2761918,,9748b96d7ed7c15cfb9ea59f8944c9ade81493df8fd79d181da1dae6ce5f805e
asd3dp_v0.4.3_public_annotation_bundle,annotations/session/gcode/files/asd3dp_s0009.gcode,2761918,,9748b96d7ed7c15cfb9ea59f8944c9ade81493df8fd79d181da1dae6ce5f805e
asd3dp_v0.4.3_public_annotation_bundle,annotations/session/gcode/files/asd3dp_s0010.gcode,2761918,,9748b96d7ed7c15cfb9ea59f8944c9ade81493df8fd79d181da1dae6ce5f805e
asd3dp_v0.4.3_public_annotation_bundle,annotations/session/gcode/files/asd3dp_s0011.gcode,2761918,,9748b96d7ed7c15cfb9ea59f8944c9ade81493df8fd79d181da1dae6ce5f805e
asd3dp_v0.4.3_public_annotation_bundle,annotations/session/gcode/files/asd3dp_s0012.gcode,2761918,,9748b96d7ed7c15cfb9ea59f8944c9ade81493df8fd79d181da1dae6ce5f805e
asd3dp_v0.4.3_public_annotation_bundle,annotations/session/gcode/files/asd3dp_s0013.gcode,2721862,,c0a354c51d4d782eccbc6b211de2657e3c4e9a1b1465bbf60af9e6c6041d2fdf
asd3dp_v0.4.3_public_annotation_bundle,annotations/session/gcode/files/asd3dp_s0014.gcode,2721862,,c0a354c51d4d782eccbc6b211de2657e3c4e9a1b1465bbf60af9e6c6041d2fdf
asd3dp_v0.4.3_public_annotation_bundle,annotations/session/gcode/files/asd3dp_s0015.gcode,2721862,,c0a354c51d4d782eccbc6b211de2657e3c4e9a1b1465bbf60af9e6c6041d2fdf
asd3dp_v0.4.3_public_annotation_bundle,annotations/session/gcode/files/asd3dp_s0016.gcode,2764227,,430327ec44f95e2502e6a9f43ac2784140a0ec6680e41928b29ec7d75f0b2f9e
asd3dp_v0.4.3_public_annotation_bundle,annotations/session/gcode/files/asd3dp_s0017.gcode,2722350,,368c0f5e31bfa7f4a77619e4586424cc859af88a316d292ae6594607c703651e
asd3dp_v0.4.3_public_annotation_bundle,annotations/session/gcode/files/asd3dp_s0018.gcode,2722350,,368c0f5e31bfa7f4a77619e4586424cc859af88a316d292ae6594607c703651e
asd3dp_v0.4.3_public_annotation_bundle,annotations/session/gcode/files/asd3dp_s0019.gcode,2722350,,368c0f5e31bfa7f4a77619e4586424cc859af88a316d292ae6594607c703651e
asd3dp_v0.4.3_public_annotation_bundle,annotations/session/gcode/files/asd3dp_s0020.gcode,2722350,,368c0f5e31bfa7f4a77619e4586424cc859af88a316d292ae6594607c703651e
asd3dp_v0.4.3_public_annotation_bundle,annotations/session/gcode/files/asd3dp_s0021.gcode,2722350,,368c0f5e31bfa7f4a77619e4586424cc859af88a316d292ae6594607c703651e
asd3dp_v0.4.3_public_annotation_bundle,annotations/session/gcode/files/asd3dp_s0022.gcode,2722350,,368c0f5e31bfa7f4a77619e4586424cc859af88a316d292ae6594607c703651e
asd3dp_v0.4.3_public_annotation_bundle,annotations/session/gcode/files/asd3dp_s0023.gcode,2722350,,368c0f5e31bfa7f4a77619e4586424cc859af88a316d292ae6594607c703651e
asd3dp_v0.4.3_public_annotation_bundle,annotations/session/gcode/files/asd3dp_s0024.gcode,2722350,,368c0f5e31bfa7f4a77619e4586424cc859af88a316d292ae6594607c703651e
asd3dp_v0.4.3_public_annotation_bundle,annotations/session/gcode/files/asd3dp_s0025.gcode,2722350,,368c0f5e31bfa7f4a77619e4586424cc859af88a316d292ae6594607c703651e
asd3dp_v0.4.3_public_annotation_bundle,annotations/session/gcode/files/asd3dp_s0026.gcode,2722350,,368c0f5e31bfa7f4a77619e4586424cc859af88a316d292ae6594607c703651e
asd3dp_v0.4.3_public_annotation_bundle,annotations/session/gcode/files/asd3dp_s0027.gcode,2722350,,368c0f5e31bfa7f4a77619e4586424cc859af88a316d292ae6594607c703651e
asd3dp_v0.4.3_public_annotation_bundle,annotations/session/gcode/files/asd3dp_s0028.gcode,2722350,,368c0f5e31bfa7f4a77619e4586424cc859af88a316d292ae6594607c703651e
asd3dp_v0.4.3_public_annotation_bundle,annotations/session/gcode/files/asd3dp_s0029.gcode,2764227,,430327ec44f95e2502e6a9f43ac2784140a0ec6680e41928b29ec7d75f0b2f9e
asd3dp_v0.4.3_public_annotation_bundle,annotations/session/gcode/files/asd3dp_s0030.gcode,2764227,,430327ec44f95e2502e6a9f43ac2784140a0ec6680e41928b29ec7d75f0b2f9e
asd3dp_v0.4.3_public_annotation_bundle,annotations/session/gcode/files/asd3dp_s0031.gcode,2764227,,430327ec44f95e2502e6a9f43ac2784140a0ec6680e41928b29ec7d75f0b2f9e
asd3dp_v0.4.3_public_annotation_bundle,annotations/session/gcode/files/asd3dp_s0032.gcode,2761918,,9748b96d7ed7c15cfb9ea59f8944c9ade81493df8fd79d181da1dae6ce5f805e
asd3dp_v0.4.3_public_annotation_bundle,annotations/session/gcode/files/asd3dp_s0033.gcode,2761918,,9748b96d7ed7c15cfb9ea59f8944c9ade81493df8fd79d181da1dae6ce5f805e
asd3dp_v0.4.3_public_annotation_bundle,annotations/session/gcode/files/asd3dp_s0034.gcode,2851947,,c357284e1ccae2b4b6ec6b55210fa40c74dabff6d3b480999842eeb36e8c1c6e
asd3dp_v0.4.3_public_annotation_bundle,annotations/session/gcode/files/asd3dp_s0035.gcode,2851947,,c357284e1ccae2b4b6ec6b55210fa40c74dabff6d3b480999842eeb36e8c1c6e
asd3dp_v0.4.3_public_annotation_bundle,annotations/session/gcode/files/asd3dp_s0036.gcode,2851947,,c357284e1ccae2b4b6ec6b55210fa40c74dabff6d3b480999842eeb36e8c1c6e
asd3dp_v0.4.3_public_annotation_bundle,annotations/session/gcode/files/asd3dp_s0037.gcode,2885107,,f00c03eeea1a299fcca1df3603f1c3dc019c2a56d7be496fcf17a9544916c5e7
asd3dp_v0.4.3_public_annotation_bundle,annotations/session/gcode/files/asd3dp_s0038.gcode,2722350,,368c0f5e31bfa7f4a77619e4586424cc859af88a316d292ae6594607c703651e
asd3dp_v0.4.3_public_annotation_bundle,annotations/session/gcode/files/asd3dp_s0039.gcode,2722350,,368c0f5e31bfa7f4a77619e4586424cc859af88a316d292ae6594607c703651e
asd3dp_v0.4.3_public_annotation_bundle,annotations/session/gcode/files/asd3dp_s0040.gcode,2722350,,368c0f5e31bfa7f4a77619e4586424cc859af88a316d292ae6594607c703651e
asd3dp_v0.4.3_public_annotation_bundle,annotations/session/gcode/files/asd3dp_s0041.gcode,2764227,,430327ec44f95e2502e6a9f43ac2784140a0ec6680e41928b29ec7d75f0b2f9e
asd3dp_v0.4.3_public_annotation_bundle,annotations/session/gcode/gcode_index.csv,8479,41,5a73077448d6b3803a27e3818e395af1b3bf86c25051bc121f399f26c03d71a9
asd3dp_v0.4.3_public_annotation_bundle,annotations/session/machine_components.csv,2018,15,8870cecb1dba802fbcb75aee27f9f4e02acb0c77742509ed089fecada115c53d
asd3dp_v0.4.3_public_annotation_bundle,annotations/session/material_filament.csv,8167,41,a61ffe6ed67658c6cd17835be9482e0df9984abf6129e990e8a5b8a429051738
asd3dp_v0.4.3_public_annotation_bundle,annotations/session/model_source.csv,327,1,c9bc54b21f8d898d354bc308f24df410166ef1c3706708af77ab51011b9aa812
asd3dp_v0.4.3_public_annotation_bundle,annotations/session/session_machine_profile.csv,7805,41,bc0149df452c3edb2fcc4c8c99af28b7c0118b8f4fa34e229291e2b994a21486
asd3dp_v0.4.3_public_annotation_bundle,annotations/session/session_phase_windows.csv,33625,41,9dc08d6f5ffb91acacc34f8cdd5f342391f838c898c1b921a896380e96a2d5f9
asd3dp_v0.4.3_public_annotation_bundle,annotations/session/session_profile.csv,5888,41,64c8c7c4adad48bb121974b0ce5291f0014ad62914927af14db917eb7e79cd84
asd3dp_v0.4.3_public_annotation_bundle,annotations/session/session_sync_offsets.csv,12423,41,17fc4ed11c20bb1ee1a792346ab5816e09585486997ca166e619da97897b86ba
asd3dp_v0.4.3_public_annotation_bundle,annotations/session/telemetry_sync/by_session/asd3dp_s0001.csv,15614010,66340,a875e86519e99ed855607ca87c9d37d08d127fff0d79ebc34663a20938fe1253
asd3dp_v0.4.3_public_annotation_bundle,annotations/session/telemetry_sync/by_session/asd3dp_s0002.csv,15556026,66114,43ecb9134226c28e86d9b6d252a46c1dc898b1637cf1d91cad03f1ee63bb4832
asd3dp_v0.4.3_public_annotation_bundle,annotations/session/telemetry_sync/by_session/asd3dp_s0003.csv,15545755,65708,5a5a5df32ff317c2749dedf98b71defd55cbd34b1939a16b47a3ceb57ba6fec7
asd3dp_v0.4.3_public_annotation_bundle,annotations/session/telemetry_sync/by_session/asd3dp_s0004.csv,15718570,66220,3e0d65b323622a324e6a470959ed883da970c4cc3de1b4d16cb836ddd0297966
asd3dp_v0.4.3_public_annotation_bundle,annotations/session/telemetry_sync/by_session/asd3dp_s0005.csv,15611553,65975,b0a30b8197fb7dae2f87706de7f377d003f3619ea5554aca3ed7f55208491a16
asd3dp_v0.4.3_public_annotation_bundle,annotations/session/telemetry_sync/by_session/asd3dp_s0006.csv,15604835,65953,d13aebef8b1ae1697293379886a02e50b3625bae6d1d434d51d2c1caedb18d11
asd3dp_v0.4.3_public_annotation_bundle,annotations/session/telemetry_sync/by_session/asd3dp_s0007.csv,15562184,66435,e9c50dc98b7d3b6da41e42f20aff43fbfd27024f24a1b82353a89a1a3b1483ea
asd3dp_v0.4.3_public_annotation_bundle,annotations/session/telemetry_sync/by_session/asd3dp_s0008.csv,15707290,66582,cba58c7cee92059c3b679152750cc6d38c4b9a9b755dac085b0e5b61d925a46a
asd3dp_v0.4.3_public_annotation_bundle,annotations/session/telemetry_sync/by_session/asd3dp_s0009.csv,15602496,66403,b7e859893127c6e5ad2617e5f6a1f09aa1655b8493ec613f2ed7afe134e3b534
asd3dp_v0.4.3_public_annotation_bundle,annotations/session/telemetry_sync/by_session/asd3dp_s0010.csv,15676142,66012,1fce91d9e5c909575590b05499efaa6c53af8f2422d8128600c35da62fc422d0
asd3dp_v0.4.3_public_annotation_bundle,annotations/session/telemetry_sync/by_session/asd3dp_s0011.csv,15671572,66198,2d9e7e6a847e29f8641585b0ed7e4d92d725afe2476bcc78743730ab35704db4
asd3dp_v0.4.3_public_annotation_bundle,annotations/session/telemetry_sync/by_session/asd3dp_s0012.csv,16308250,65626,e26d73ee69615099d89ab4abf5cf3c25e45ddd2282173c37f62a7c818b11b77a
asd3dp_v0.4.3_public_annotation_bundle,annotations/session/telemetry_sync/by_session/asd3dp_s0013.csv,8980834,36400,8ec962acdbd639fd59a29e424455043fbdde7249fdbef5df0bdac1b28b82cde4
asd3dp_v0.4.3_public_annotation_bundle,annotations/session/telemetry_sync/by_session/asd3dp_s0014.csv,8731573,35555,266ed9aaf1b8e69639c65c80ef0a77398c3ec00f0d744fd98241f0b31868a712
asd3dp_v0.4.3_public_annotation_bundle,annotations/session/telemetry_sync/by_session/asd3dp_s0015.csv,8691541,35533,cac071e9dd961b3bf64624bd4d57106d3b02c9854c728fa62eca9eac62570efd
asd3dp_v0.4.3_public_annotation_bundle,annotations/session/telemetry_sync/by_session/asd3dp_s0016.csv,13454575,55709,3d676154f23a6e41f8ff577a3bd30c4f53616a824add2366df7099eea100b0fe
asd3dp_v0.4.3_public_annotation_bundle,annotations/session/telemetry_sync/by_session/asd3dp_s0017.csv,7349484,30588,f01f3a99a93c375e46be154f54228e0f2ded089856c1d89e272a4c56935ca448
asd3dp_v0.4.3_public_annotation_bundle,annotations/session/telemetry_sync/by_session/asd3dp_s0018.csv,7121094,30386,6bfe1c184e1a1f11299c6a18e8a156d8ef372394a104a8202d71d6db003d06c9
asd3dp_v0.4.3_public_annotation_bundle,annotations/session/telemetry_sync/by_session/asd3dp_s0019.csv,7111945,29635,99ea59210760df8449fd76243a4f9c9052d7d628271e81df1cf25ee3c42eebc7
asd3dp_v0.4.3_public_annotation_bundle,annotations/session/telemetry_sync/by_session/asd3dp_s0020.csv,8804974,38552,834f7d5e34fe1d8b57ea441d6978a12d5ad6f0904433b9184ce554f2748084b6
asd3dp_v0.4.3_public_annotation_bundle,annotations/session/telemetry_sync/by_session/asd3dp_s0021.csv,8524790,36776,5f7aa0056613f4c0435626b24276729d01c5e029fe9aaf1826d186add17f1c59
asd3dp_v0.4.3_public_annotation_bundle,annotations/session/telemetry_sync/by_session/asd3dp_s0022.csv,8220348,35191,945b36ecba639db90363a35304b535f9630a9d92526641e24ab662aab8a3f347
asd3dp_v0.4.3_public_annotation_bundle,annotations/session/telemetry_sync/by_session/asd3dp_s0023.csv,8728719,35810,b82d71b83e515f493036f312674b9fd6c6eb569b643cb110e92fa1e95a674a60
asd3dp_v0.4.3_public_annotation_bundle,annotations/session/telemetry_sync/by_session/asd3dp_s0024.csv,8638709,35700,a8c96ad9bf0921f8776626943eacb2c73739d512cd41325f91b919059e6403a1
asd3dp_v0.4.3_public_annotation_bundle,annotations/session/telemetry_sync/by_session/asd3dp_s0025.csv,8774472,36089,4f9677064487c7277829c5bba66257e601a02e245af6edc42cc60bff7bdbbbec
asd3dp_v0.4.3_public_annotation_bundle,annotations/session/telemetry_sync/by_session/asd3dp_s0026.csv,8592668,37555,031433c643b9fb46164a6c273ef29a5617a6f5ea7d6034e37944c23922930d74
asd3dp_v0.4.3_public_annotation_bundle,annotations/session/telemetry_sync/by_session/asd3dp_s0027.csv,8511536,36992,6040d019986eb41b97a6c56505072cbd546a2d3e2f47ca686e1d3c1f9fe199af
asd3dp_v0.4.3_public_annotation_bundle,annotations/session/telemetry_sync/by_session/asd3dp_s0028.csv,8283001,35722,f017f88071edc3dc8306dd371db2495a14dc80d859a4a755c09733d48a8f149e
asd3dp_v0.4.3_public_annotation_bundle,annotations/session/telemetry_sync/by_session/asd3dp_s0029.csv,15554126,63963,9ef14fb4b2385b24a5e6b1d9cec419cc88e1fb2a516e337b55b7b3ed4bf21d27
asd3dp_v0.4.3_public_annotation_bundle,annotations/session/telemetry_sync/by_session/asd3dp_s0030.csv,15777102,64272,f66f54210e5ad9d9b2f7d4f05fa3a029e1b2bb8ba5f040f21fbe8dfc8ca2602b
asd3dp_v0.4.3_public_annotation_bundle,annotations/session/telemetry_sync/by_session/asd3dp_s0031.csv,14855439,63191,b858b29811567a50e8ecfedd174a03f1dae690cc7f46dcad631664e13d9ed20d
asd3dp_v0.4.3_public_annotation_bundle,annotations/session/telemetry_sync/by_session/asd3dp_s0032.csv,14229623,59763,539c5cc26101303446f0122960c66889fe4ae1ed257393bfe6d83210b5a0b8fb
asd3dp_v0.4.3_public_annotation_bundle,annotations/session/telemetry_sync/by_session/asd3dp_s0033.csv,1924245,8603,13d2bc9ce4c67dad296bde7c612342e7a5494eb6d64ed376f70f8e5f2d6883c1
asd3dp_v0.4.3_public_annotation_bundle,annotations/session/telemetry_sync/by_session/asd3dp_s0034.csv,30506063,125663,9e84cd18650d3680bf5d615df26022dc83d2ba82e47e4bbc69e447aead505483
asd3dp_v0.4.3_public_annotation_bundle,annotations/session/telemetry_sync/by_session/asd3dp_s0035.csv,29739022,122471,fbe8645c99e6ddcdd1720937348eccdecc515cf3ed95067b63b388d7d7e1e783
asd3dp_v0.4.3_public_annotation_bundle,annotations/session/telemetry_sync/by_session/asd3dp_s0036.csv,29717996,122021,1810871748d9d5fef87ffa8a074d1b54b6678f79d2218967a20308458affbaca
asd3dp_v0.4.3_public_annotation_bundle,annotations/session/telemetry_sync/by_session/asd3dp_s0037.csv,162463,832,cb6ddfdd95d8b360dd19822669971b62b61a77478db797c8f2be49530b32cbc8
asd3dp_v0.4.3_public_annotation_bundle,annotations/session/telemetry_sync/by_session/asd3dp_s0038.csv,8269037,34014,71454ca6d25a3591eb81dbbe448d6dc5ace712cf5da38402a13ab579d2b63ab4
asd3dp_v0.4.3_public_annotation_bundle,annotations/session/telemetry_sync/by_session/asd3dp_s0039.csv,8191711,33734,851986aeee23d0707b749d81a6321d1332c3cfc4591b9f1efa7b3ce3dfdd4c4c
asd3dp_v0.4.3_public_annotation_bundle,annotations/session/telemetry_sync/by_session/asd3dp_s0040.csv,8126114,33256,560536be985040c46b8f136ac568710e3431b04e95c704520c7264b178296778
asd3dp_v0.4.3_public_annotation_bundle,annotations/session/telemetry_sync/by_session/asd3dp_s0041.csv,14513166,59130,37c41591f9ada4d7f277fd2472d9950497ff20d50a8b3daaafcb8a48df82fcbb
asd3dp_v0.4.3_public_annotation_bundle,annotations/session/telemetry_sync/telemetry_sync.csv,5604,41,e1374f720dd19873b7760d7a9f0ebf4ff91c786aaa9503ad8432b5bc06a00aeb
asd3dp_v0.4.3_public_annotation_bundle,annotations/session/time_aligned_labels/by_session/asd3dp_s0001.csv,1052764,1867,3a38f54f128f9862d447eac7da39b3b82d17847919b018af34f3206aecfa00ec
asd3dp_v0.4.3_public_annotation_bundle,annotations/session/time_aligned_labels/by_session/asd3dp_s0002.csv,1038981,1843,c7b04f732de8b309ed535501a11f16c6c0f459c8c1f455c9a62f4a5b8a7df786
asd3dp_v0.4.3_public_annotation_bundle,annotations/session/time_aligned_labels/by_session/asd3dp_s0003.csv,1027939,1825,8b787e34b641a8b18d8544b0535aaa16243ddaf3ebf6ebd1f4d31be8bf474193
asd3dp_v0.4.3_public_annotation_bundle,annotations/session/time_aligned_labels/by_session/asd3dp_s0004.csv,1031566,1831,f6c8a52a188dedc2e5350d4198511775bdeaa66e8cb07bcc70fe231cf92d038a
asd3dp_v0.4.3_public_annotation_bundle,annotations/session/time_aligned_labels/by_session/asd3dp_s0005.csv,1043699,1852,f7ca9edc69cf95515d212bab037a29c77db9615f6e88755d86c4061b112dc482
asd3dp_v0.4.3_public_annotation_bundle,annotations/session/time_aligned_labels/by_session/asd3dp_s0006.csv,1047757,1858,41a444e7e7df1997ddd3bb1c906cf13fb27230057d53903b685fe65bffaa38f4
asd3dp_v0.4.3_public_annotation_bundle,annotations/session/time_aligned_labels/by_session/asd3dp_s0007.csv,1036897,1845,bbd1773b5781ebc8af7c95ac40783c5c600db73cf9b1e162023c5c735b18445e
asd3dp_v0.4.3_public_annotation_bundle,annotations/session/time_aligned_labels/by_session/asd3dp_s0008.csv,1026773,1821,b7eb2dbf4ea62af6e1d23e3404b52661e6b82b5ccaf02e4ad3c8a06a78981ff7
asd3dp_v0.4.3_public_annotation_bundle,annotations/session/time_aligned_labels/by_session/asd3dp_s0009.csv,1023857,1824,6a7a3d4d6e44e9d5e2ed9bcdbb5d63e95009341898da23455d02e91fdf2769ee
asd3dp_v0.4.3_public_annotation_bundle,annotations/session/time_aligned_labels/by_session/asd3dp_s0010.csv,1050219,1861,1453386c70762de5fb23248aeb9f83f18e466cd4419119efc766020aa03cc9a5
asd3dp_v0.4.3_public_annotation_bundle,annotations/session/time_aligned_labels/by_session/asd3dp_s0011.csv,1042909,1851,af5d03003da79afe364cb2c9780e17ca79f8b614c6f01d5fa0fde3496036a09d
asd3dp_v0.4.3_public_annotation_bundle,annotations/session/time_aligned_labels/by_session/asd3dp_s0012.csv,1040515,1831,0d6bea4a30958b5d7bc5500c300dd219a2921ec7ca5a0c72e73b0fd25371e4c3
asd3dp_v0.4.3_public_annotation_bundle,annotations/session/time_aligned_labels/by_session/asd3dp_s0013.csv,1238568,2172,e99394a8c3810dd31fa1ab93f44f7825779b71319ffdac2e2b1e0bc0f5b1959c
asd3dp_v0.4.3_public_annotation_bundle,annotations/session/time_aligned_labels/by_session/asd3dp_s0014.csv,1222333,2143,8a9c60a3591bb0d7908a1dd40819eb40ab118668e3e952357f977c1aa356dd47
asd3dp_v0.4.3_public_annotation_bundle,annotations/session/time_aligned_labels/by_session/asd3dp_s0015.csv,1215416,2136,0d2abb5a10351c8452f0814ab3b28cdbd91553a54bab1f7dde17ab76827eef55
asd3dp_v0.4.3_public_annotation_bundle,annotations/session/time_aligned_labels/by_session/asd3dp_s0016.csv,892965,1669,8236eae7f23324811707eff365a9ed2d898663935dff59c8d4d198f366f797ee
asd3dp_v0.4.3_public_annotation_bundle,annotations/session/time_aligned_labels/by_session/asd3dp_s0017.csv,945963,1761,d80675a87516a9ed726d84b790cb5e9ebdb645770a561add30c8c94ea145baec
asd3dp_v0.4.3_public_annotation_bundle,annotations/session/time_aligned_labels/by_session/asd3dp_s0018.csv,941915,1761,c206acf2fddba4e4fde4a277b5eb9cc1ef6f8fb9d6c486bfcc74ff0d33844836
asd3dp_v0.4.3_public_annotation_bundle,annotations/session/time_aligned_labels/by_session/asd3dp_s0019.csv,930329,1725,8ee4ea5ba8c04306fe4d5f44943bfd62f61903cf928693e8753d318b286059c4
asd3dp_v0.4.3_public_annotation_bundle,annotations/session/time_aligned_labels/by_session/asd3dp_s0020.csv,918244,1710,889bc9697e4145e774e069df5caf665cc3b233db27911234e202a063b5c71792
asd3dp_v0.4.3_public_annotation_bundle,annotations/session/time_aligned_labels/by_session/asd3dp_s0021.csv,931505,1736,66270e6cd294cacc85fec8f24057501401cddeeaa5d89c1b6be77a785bac5c6c
asd3dp_v0.4.3_public_annotation_bundle,annotations/session/time_aligned_labels/by_session/asd3dp_s0022.csv,928826,1739,ceb56733489f27ef470cb3f2e002ffc40939b8b420e44da60bed34780e7ea675
asd3dp_v0.4.3_public_annotation_bundle,annotations/session/time_aligned_labels/by_session/asd3dp_s0023.csv,933555,1716,bd580211d0a9ce22de05a4613281fc2632f9e921f249d0c44901a420aa0648ce
asd3dp_v0.4.3_public_annotation_bundle,annotations/session/time_aligned_labels/by_session/asd3dp_s0024.csv,933084,1732,0999c12b52e8b9fa8079851809a873e007a8b7b7fd0ce9c6ece2f57379c2f28e
asd3dp_v0.4.3_public_annotation_bundle,annotations/session/time_aligned_labels/by_session/asd3dp_s0025.csv,921541,1706,7c88bcad0ff7066b8b8c9206ad9bd2e83d11b1ed544ef7b7aeacaf2b73821bb9
asd3dp_v0.4.3_public_annotation_bundle,annotations/session/time_aligned_labels/by_session/asd3dp_s0026.csv,922699,1727,697717dd028eb0b5dacb29b7e7d479a1ff50d9b9072f2886ffc44451ea762b1d
asd3dp_v0.4.3_public_annotation_bundle,annotations/session/time_aligned_labels/by_session/asd3dp_s0027.csv,908949,1702,90484953b2c1c4f1bc71f236ad148f41bc7dcf04823f03d00368878be7c824ed
asd3dp_v0.4.3_public_annotation_bundle,annotations/session/time_aligned_labels/by_session/asd3dp_s0028.csv,923244,1733,1421e38926131bef19c623b3cb4ed172f244403cca8344e8438295dbf7d64baf
asd3dp_v0.4.3_public_annotation_bundle,annotations/session/time_aligned_labels/by_session/asd3dp_s0029.csv,977857,1827,a8c347d12995a1dd7b9dc169d9b4eb0c3a4c07b1e024c2a7e53451b07430970d
asd3dp_v0.4.3_public_annotation_bundle,annotations/session/time_aligned_labels/by_session/asd3dp_s0030.csv,988106,1828,2ff92f7546540176b2bfb10c209f2759a9e807ca38f09fc74992e760cfe3087d
asd3dp_v0.4.3_public_annotation_bundle,annotations/session/time_aligned_labels/by_session/asd3dp_s0031.csv,985460,1853,e0676063bc1053b1ecf83b7560681389c88b5183de00d603445dcd96c7211edf
asd3dp_v0.4.3_public_annotation_bundle,annotations/session/time_aligned_labels/by_session/asd3dp_s0032.csv,939446,1673,e4fb2835f94c72967b8037cb44a8932ffed858eed4e7d3336f21e0816fa36e06
asd3dp_v0.4.3_public_annotation_bundle,annotations/session/time_aligned_labels/by_session/asd3dp_s0033.csv,50169,91,980590527e4e07c8d1f26ae4bda7c1bfc0cc3f8db120ed7a818a63db323ee813
asd3dp_v0.4.3_public_annotation_bundle,annotations/session/time_aligned_labels/by_session/asd3dp_s0034.csv,865621,1630,5eb2edeb4726ad3f88cf53cb2cf6fb2f1023b6ca87562f20304d0eba490dfb23
asd3dp_v0.4.3_public_annotation_bundle,annotations/session/time_aligned_labels/by_session/asd3dp_s0035.csv,883622,1669,ac2c98f88efa7df1268737fe4c8eb84e66925ab5ea10b49e2ea6f67d090bd256
asd3dp_v0.4.3_public_annotation_bundle,annotations/session/time_aligned_labels/by_session/asd3dp_s0036.csv,873855,1651,af2c6dfc1c272eb9cb41f48ede764b3b09516e70caef952e573399e6d59febdf
asd3dp_v0.4.3_public_annotation_bundle,annotations/session/time_aligned_labels/by_session/asd3dp_s0037.csv,1623,3,654620c641d136d3f61243dc374d8b0cecd5fe5c12cdb9acde2964eaeec09948
asd3dp_v0.4.3_public_annotation_bundle,annotations/session/time_aligned_labels/by_session/asd3dp_s0038.csv,1073298,1978,5b52080b9aebe997d17914ad947c073dd851afad4a2a6b20df5db0d08d373bc0
asd3dp_v0.4.3_public_annotation_bundle,annotations/session/time_aligned_labels/by_session/asd3dp_s0039.csv,1064946,1978,77c195eac68f5f86bcfa8ea4af576eca6fee61209c7c8984d4807ee0bdd3a075
asd3dp_v0.4.3_public_annotation_bundle,annotations/session/time_aligned_labels/by_session/asd3dp_s0040.csv,1054150,1955,a8a2b8e5fed13f5ca5824d035a8cec98ad42092a4f5b8327cb4f2880f2d00bb9
asd3dp_v0.4.3_public_annotation_bundle,annotations/session/time_aligned_labels/by_session/asd3dp_s0041.csv,966923,1799,6a15b6d5644a87c8d44cd58a4c21fe170bf1010ac69d81c3ac17355870259c9e
asd3dp_v0.4.3_public_annotation_bundle,annotations/session/time_aligned_labels/time_aligned_labels.csv,4638,41,c10c6f7dd8095075adb965703a27e1b4d2be890b64d26605748b8d24230a73ba
asd3dp_v0.4.3_public_annotation_bundle,annotations/session/toolhead_human_intervals.csv,301286,1402,4e5dc56cc04b28c06c202833ee363629a271c9da4ae9bf4da04efd5bd742fd01
